Request UUID,Quote Unit Price,Status,Decline Reason,Samples Available,Documents Provided
94ba38d1-57ed-4a60-92d1-47b55a40a6dd,£5.10,Available,,,
820412eb-8d4d-4d6c-a5e3-cfc977cd6d48,£3.50,Available,,Yes,
08f1a913-1318-4656-9418-ce580a9871cb,"£1,768.89",Available,,Yes,Yes
4dedeeb1-12a5-4589-82ee-015e46d85790,£4.65,Declined,pricing: Too high,,
820412eb-8d4d-4d6c-a5e3-cfc977cd6d48,£13.00,Available,,,
4dedeeb1-12a5-4589-82ee-015e46d85790,£3.88,Declined,pricing,,
4dedeeb1-12a5-4589-82ee-015e46d85790,£2.97,Available,,Yes,Yes
37d05dfe-7f47-4eed-8e78-9f74c303bcad,£0.88,Available,,Yes,
4dedeeb1-12a5-4589-82ee-015e46d85790,£3.20,Available,,Yes,Yes
4dedeeb1-12a5-4589-82ee-015e46d85790,£3.51,Declined,"pricing,sample_quality: Price not met and no samples available from batch.",,
37d05dfe-7f47-4eed-8e78-9f74c303bcad,£1.70,Available,,Yes,Yes
50ef47ee-1cb8-44bf-9444-2c057fdc72ca,£2.86,Expired,,,Yes
4dedeeb1-12a5-4589-82ee-015e46d85790,£2.95,Declined,specification_not_met: Not Certified Organic.,Yes,Yes
4963b6de-4d98-4f0d-8ee5-47d2a227279b,£3.90,Available,,Yes,Yes
164cd9f1-fef3-41f5-89b6-14f3ca3acdf5,£2.77,Available,,Yes,Yes
8d378ea3-c746-4816-8856-905dff39bb8a,£1.99,Available,,Yes,Yes
60d19385-41bd-4b71-96e4-e6c2a93040ea,£8.50,Available,,Yes,
4e98d968-c92f-4b55-af32-1f9d41ef7260,"£3,800.00",Available,,Yes,
4963b6de-4d98-4f0d-8ee5-47d2a227279b,£5.00,Available,,Yes,
94ba38d1-57ed-4a60-92d1-47b55a40a6dd,£5.80,Available,,Yes,Yes
4963b6de-4d98-4f0d-8ee5-47d2a227279b,£4.46,Available,,Yes,Yes
4963b6de-4d98-4f0d-8ee5-47d2a227279b,£3.34,Available,,Yes,
4963b6de-4d98-4f0d-8ee5-47d2a227279b,£3.55,Available,,Yes,
4963b6de-4d98-4f0d-8ee5-47d2a227279b,£3.29,Available,,Yes,
4963b6de-4d98-4f0d-8ee5-47d2a227279b,£4.35,Available,,,
4963b6de-4d98-4f0d-8ee5-47d2a227279b,£3.12,Available,,Yes,
57878c43-4147-4260-b99e-54105f29e860,£6.69,Available,,Yes,
164cd9f1-fef3-41f5-89b6-14f3ca3acdf5,£1.26,Available,,Yes,Yes
fca03c4f-3f16-40d0-b87c-16d9343e4a52,£4.65,Ordered,,Yes,Yes
57878c43-4147-4260-b99e-54105f29e860,£11.00,Available,,Yes,
d596642b-c417-49e6-aa3b-ec6185fb2b9f,£0.58,Ordered,,,Yes
94ba38d1-57ed-4a60-92d1-47b55a40a6dd,£5.70,Available,,Yes,Yes
dd82336a-4eff-4b2e-af80-ec2825b7bd33,£5.65,Available,,,Yes
60d19385-41bd-4b71-96e4-e6c2a93040ea,£11.25,Available,,,Yes
a1ef94d7-7a8c-4c3d-b60f-a40e93401198,£35.00,Available,,,
531a47f6-3862-40e4-985a-46743751cce0,£23.80,Available,,,Yes
39c19049-87c7-44b9-b5aa-3b6bac20d7d4,£3.04,Available,,Yes,Yes
57878c43-4147-4260-b99e-54105f29e860,£13.16,Available,,,
d9564a3f-ea2c-472a-8d8c-8362b4b1c411,£44.33,Available,,Yes,Yes
8d378ea3-c746-4816-8856-905dff39bb8a,£1.04,Available,,Yes,Yes
4d7c0088-27eb-43a0-b88d-2c199568d656,£2.05,Available,,Yes,Yes
8b0aa667-04d0-481d-8d49-5a7c71e41163,£2.85,Available,,Yes,Yes
17666e5e-933d-4cf0-9017-47b351784d57,"£4,650.00",Available,,Yes,Yes
17666e5e-933d-4cf0-9017-47b351784d57,"£4,200.00",Available,,Yes,Yes
8d378ea3-c746-4816-8856-905dff39bb8a,£1.35,Available,,,Yes
15a80e87-9e27-4f3e-abb6-dff075964505,£90.00,Available,,,Yes
cc66f476-9f26-426c-9216-0150c87f8c78,£9.50,Available,,,
e42a5914-1b6e-4465-9c28-b081f9a05e27,£11.50,Available,,,
52fc0262-ed22-40f7-b983-a8df4c6d7a0d,£77.00,Expired,,Yes,Yes
1c0a5675-bc9e-4a4f-8e1f-eb1f673e0038,£1.30,Available,,,
39c19049-87c7-44b9-b5aa-3b6bac20d7d4,£5.00,Available,,Yes,Yes
93d399d2-0b4c-4dc1-a4d6-7e84e7fb1ee7,£12.00,Available,,,
94ba38d1-57ed-4a60-92d1-47b55a40a6dd,£9.63,Available,,,Yes
aeffa5a7-193b-4f1a-8f68-944de8306cf9,£2.45,Available,,,Yes
a5e8415b-3519-4f95-9745-7415d007b1fb,£1.24,Available,,Yes,
60e327a1-e148-4f88-bf9b-f3525c578d59,£1.02,Available,,Yes,
f83be172-6912-45af-9048-987aef354316,£1.02,Available,,Yes,
ad423960-dcd9-418e-9f38-19999e9530ec,£2.38,Available,,Yes,Yes
94ba38d1-57ed-4a60-92d1-47b55a40a6dd,£5.58,Available,,,Yes
d9564a3f-ea2c-472a-8d8c-8362b4b1c411,£40.00,Available,,,
b9701840-f486-4e5a-989e-bfaf42c0ca65,£12.25,Expired,,,Yes
94ba38d1-57ed-4a60-92d1-47b55a40a6dd,£5.70,Available,,,
cc66f476-9f26-426c-9216-0150c87f8c78,£20.00,Expired,,Yes,
39c19049-87c7-44b9-b5aa-3b6bac20d7d4,£3.90,Declined,pricing,Yes,Yes
39c19049-87c7-44b9-b5aa-3b6bac20d7d4,£4.12,Declined,pricing,Yes,Yes
fbc694e3-9dd3-47c0-9f21-ebdf30123c87,£7.20,Available,,,Yes
1c0a5675-bc9e-4a4f-8e1f-eb1f673e0038,£2.00,Expired,,Yes,Yes
cb038d53-c959-463e-b2fe-3d64154b4d6a,£3.32,Available,,Yes,Yes
de9fea0e-d82f-4bb6-9953-7c4ea82b0b20,£2.66,Available,,Yes,Yes
739b0b10-d82d-4dd9-b1c0-8e81491bb749,£7.22,Contract Created,,Yes,Yes
c13f1780-dd15-47b7-b3fe-5ba056f25c26,£10.25,Available,,,
29868c82-9389-437e-82a6-d1046d4d800d,£8.70,Available,,Yes,
cc66f476-9f26-426c-9216-0150c87f8c78,£10.50,Expired,,,
a12b7050-9288-4efc-aa22-ca0ca8e2d94a,£4.16,Available,,Yes,Yes
93d399d2-0b4c-4dc1-a4d6-7e84e7fb1ee7,£13.80,Available,,Yes,Yes
e42a5914-1b6e-4465-9c28-b081f9a05e27,£10.00,Expired,,,
b9701840-f486-4e5a-989e-bfaf42c0ca65,£15.00,Expired,,,Yes
e42a5914-1b6e-4465-9c28-b081f9a05e27,£9.40,Expired,,,
dd82336a-4eff-4b2e-af80-ec2825b7bd33,£7.12,Expired,,,Yes
9cf11f62-7b1e-4a7f-9c40-c12ad721a72b,£1.66,Ordered,,,Yes
3c583881-a99d-42ca-a81b-648bc6884976,£1.58,Ordered,,,Yes
1c0a5675-bc9e-4a4f-8e1f-eb1f673e0038,£1.05,Expired,,Yes,Yes
2473d2dc-0a5c-4a61-a73d-3050faf0f7a0,£6.70,Available,,,Yes
2d77a5f6-72f9-4f80-833e-2c746739000f,£2.50,Expired,,Yes,Yes
2473d2dc-0a5c-4a61-a73d-3050faf0f7a0,£3.77,Ordered,,Yes,
ccbedbf7-def1-4e55-a97f-8535ab796960,£1.50,Available,,,Yes
a12b7050-9288-4efc-aa22-ca0ca8e2d94a,£4.65,Ordered,,,Yes
93d399d2-0b4c-4dc1-a4d6-7e84e7fb1ee7,£15.85,Declined,specification_not_met: Fibre content is too low,Yes,Yes
26137052-6469-47ef-9ac2-a0fd353acdaf,£1.60,Ordered,,Yes,Yes
93d399d2-0b4c-4dc1-a4d6-7e84e7fb1ee7,£11.50,Available,,Yes,Yes
141aeffb-21ce-418f-a9ab-76127b793f31,£7.26,Ordered,,,Yes
335e4424-c1f5-49ac-8e84-ac580076a926,£6.80,Expired,,,
614a0fa6-1e4e-4384-ae82-a639edf26f15,£0.94,Available,,Yes,Yes
335e4424-c1f5-49ac-8e84-ac580076a926,£10.00,Ordered,,,
9222ac19-26f5-4720-9e22-16f23719bbb6,£16.63,Expired,,,
c1bd88b5-6b72-4dd9-9943-f69649805cd4,£33.60,Expired,,Yes,
4754675a-455e-48bc-8e78-9a6ce7731e6e,£52.50,Expired,,Yes,
e2df726c-e0d2-4543-9b8e-e17a0e0a6475,£3.42,Expired,,,Yes
440703b0-596a-4ea1-82b1-8ae0a2c4fc24,£7.26,Declined,other: contains sulphites.  My product is a free from category. The allergen risk is too high.,,Yes
c13f1780-dd15-47b7-b3fe-5ba056f25c26,£8.06,Available,,,Yes
e22e5345-30e6-4ea8-824e-eceec5ff119f,£2.55,Expired,,,Yes
440703b0-596a-4ea1-82b1-8ae0a2c4fc24,£10.45,Declined,pricing,Yes,Yes
e2df726c-e0d2-4543-9b8e-e17a0e0a6475,£4.86,Expired,,Yes,Yes
ecffa75d-8be3-4574-bb19-dec66fe8d758,£4.05,Expired,,Yes,
e2df726c-e0d2-4543-9b8e-e17a0e0a6475,£2.97,Expired,,Yes,Yes
e22e5345-30e6-4ea8-824e-eceec5ff119f,£1.62,Expired,,Yes,
e2df726c-e0d2-4543-9b8e-e17a0e0a6475,£3.65,Expired,,,
3e8573ef-da7d-4768-9872-cc91b01f1d6c,£5.25,Expired,,Yes,Yes
e2df726c-e0d2-4543-9b8e-e17a0e0a6475,£3.10,Expired,,Yes,Yes
ff9f3177-c577-45ac-bbca-1cbcb1558500,£11.50,Available,,Yes,Yes
15cf7139-ed13-45fa-b755-ea230177dd37,£34.30,Expired,,Yes,Yes
80651b6e-b283-4706-9252-8b9a6d6a45e8,£1.99,Available,,Yes,Yes
43d59c22-d2d1-4295-8a9e-b3f78c34cdf5,£14.90,Expired,,Yes,
8087c135-d9d7-4f44-b53f-2957a317d342,£11.35,Expired,,Yes,Yes
c1bd88b5-6b72-4dd9-9943-f69649805cd4,£78.46,Expired,,Yes,
4754675a-455e-48bc-8e78-9a6ce7731e6e,£56.56,Expired,,Yes,
0e3a5cf8-6242-4842-af9b-83718a40632c,£3.90,Expired,,Yes,Yes
49a62576-4031-4248-9429-acecfee9e963,£4.91,Available,,Yes,
0e3a5cf8-6242-4842-af9b-83718a40632c,£4.10,Expired,,Yes,Yes
5fd5ea2b-21d4-47f0-9edc-a3147ed0c544,£1.32,Available,,Yes,Yes
0e3a5cf8-6242-4842-af9b-83718a40632c,£5.80,Expired,pricing,Yes,Yes
8342c9fa-1c8f-4e05-bf75-b3303c3910ac,£2.25,Available,,Yes,
15cf7139-ed13-45fa-b755-ea230177dd37,£21.00,Expired,,Yes,Yes
15cf7139-ed13-45fa-b755-ea230177dd37,£21.00,Expired,,,
ecffa75d-8be3-4574-bb19-dec66fe8d758,£1.98,Expired,,Yes,Yes
15cf7139-ed13-45fa-b755-ea230177dd37,£85.00,Expired,pricing,Yes,Yes
0e3a5cf8-6242-4842-af9b-83718a40632c,£3.13,Expired,,Yes,Yes
49ce21ea-4c19-4631-8495-e2e654aab896,£4.97,Expired,,Yes,Yes
49a62576-4031-4248-9429-acecfee9e963,£8.52,Available,,Yes,Yes
69ab183c-efbc-44c3-a9df-ebd758f14137,£5.28,Available,,Yes,Yes
402caae0-e1ea-453e-bf2f-a6a426827b20,£11.80,Expired,,,
512fa0d7-13a0-4ba7-b3d0-dfe53b97759e,£10.50,Available,,Yes,
974536d6-fad7-4d69-805e-72eb287f1691,£99.04,Expired,,Yes,Yes
0e3a5cf8-6242-4842-af9b-83718a40632c,£3.80,Expired,,Yes,Yes
3e8573ef-da7d-4768-9872-cc91b01f1d6c,£2.92,Expired,,Yes,Yes
3e8573ef-da7d-4768-9872-cc91b01f1d6c,£5.89,Expired,,Yes,Yes
fc24a58c-9cac-43a0-a198-136e8a89e2ba,£1.10,Ordered,,Yes,Yes
3e8573ef-da7d-4768-9872-cc91b01f1d6c,£4.95,Expired,,Yes,Yes
6ad03418-7979-4bee-a565-cdd492518c34,£3.60,Expired,,Yes,Yes
c5db9117-0cf1-474c-839e-52da40643238,£15.56,Available,,Yes,Yes
9efb20f5-0cb9-462c-b696-52d1897681c1,£8.40,Expired,specification_not_met: Seeking ginger pieces not ground,Yes,Yes
5c065d56-2463-4885-bdf0-9060ddc8af30,£55.95,Expired,,Yes,Yes
719bf28d-9b8f-4f62-bab4-6a6dc0125770,£5.90,Ordered,,Yes,Yes
c0776168-cc90-46ec-9df9-299e4d3edac8,£7.19,Expired,,Yes,Yes
8fe4a0ae-6c32-476c-95a5-9b39ff4c3d70,£2.76,Expired,pricing,Yes,Yes
512fa0d7-13a0-4ba7-b3d0-dfe53b97759e,£12.35,Declined,"specification_not_met,pricing",,
8087c135-d9d7-4f44-b53f-2957a317d342,£11.75,Expired,,,
c0776168-cc90-46ec-9df9-299e4d3edac8,£4.80,Expired,,,
96bc9a0c-6e89-4a06-9598-ddb95147d427,£18.00,Expired,,,Yes
739b0b10-d82d-4dd9-b1c0-8e81491bb749,£11.00,Available,,,
26dbea72-f57b-4282-a3af-b03535b68b04,£23.95,Declined,specification_not_met,Yes,Yes
8087c135-d9d7-4f44-b53f-2957a317d342,£11.80,Available,,,
08b216c4-018f-4d86-a7ed-7b90541efed8,£5.00,Expired,,,
c0776168-cc90-46ec-9df9-299e4d3edac8,£5.20,Expired,,,
8fe4a0ae-6c32-476c-95a5-9b39ff4c3d70,£1.43,Expired,,Yes,
4ec57884-d2bf-407f-802a-488763fae7d3,£10.96,Ordered,,,
29868c82-9389-437e-82a6-d1046d4d800d,£8.07,Expired,,Yes,Yes
fe3f99c0-ba66-46b2-96bf-897e7b787404,£4.06,Ordered,,Yes,
6ad03418-7979-4bee-a565-cdd492518c34,£8.00,Expired,,,
d8580f81-ba44-492c-9836-3ec968657984,£5.66,Available,,Yes,Yes
af3c133e-d52f-4723-98d6-f20755f6316d,£5.85,Ordered,,,
96bc9a0c-6e89-4a06-9598-ddb95147d427,£43.35,Expired,pricing,,
c0776168-cc90-46ec-9df9-299e4d3edac8,£5.80,Expired,,,
498c6a7c-a18b-496c-a599-f680093998df,£1.59,Ordered,,Yes,
cb1c1bbc-4202-4add-afa9-280134f90359,£12.00,Expired,,,Yes
cb1c1bbc-4202-4add-afa9-280134f90359,£3.77,Ordered,,Yes,
fe3f99c0-ba66-46b2-96bf-897e7b787404,£7.17,Expired,pricing,,
e3042531-96d1-4663-a1d1-7fcd26ea7fc6,£2.65,Expired,pricing: Our Current Price per Unit is 1.84,,
c7eff9d2-3afe-4fc5-b973-17f600a21727,£14.00,Ordered,,,
949f8ecf-d8e8-4122-9558-cbc6a8847aba,£2.80,Available,,,
c0776168-cc90-46ec-9df9-299e4d3edac8,£5.81,Expired,pricing,,Yes
eea3a233-1bed-4407-8178-c9585583b709,£1.75,Expired,,,
84f79c03-3cfc-4588-b5c8-f920b1399311,£6.35,Available,,,Yes
50b38988-5f65-4d28-a623-9cb3560d1714,£3.65,Expired,pricing,,
e0b2cd6b-caab-45bd-9807-a9b4b68300cc,£65.00,Available,,,Yes
2ec4bab8-d774-4b74-a29a-3ce0db0250b3,£3.50,Available,,,Yes
498c6a7c-a18b-496c-a599-f680093998df,£1.65,Expired,pricing: Does not better what we are currently paying.,Yes,Yes
50b38988-5f65-4d28-a623-9cb3560d1714,£6.50,Expired,pricing,Yes,Yes
50b38988-5f65-4d28-a623-9cb3560d1714,£4.10,Expired,pricing,,
af3bcc02-9542-424d-b61e-b356600a3fdd,£7.19,pending_payment,,,
50b38988-5f65-4d28-a623-9cb3560d1714,£4.40,Expired,pricing,,
539fa824-0507-4809-ad55-72b69104d84e,£2.50,Available,,,Yes
11d46e94-8a6e-4085-b209-852bd4a5415c,£7.11,Ordered,,,
ecf9c5f5-5f97-489c-a977-2a4ed0c27014,£1.62,Expired,,,
949f8ecf-d8e8-4122-9558-cbc6a8847aba,£2.78,Available,,Yes,
949f8ecf-d8e8-4122-9558-cbc6a8847aba,£5.25,Declined,pricing,,Yes
8b03b8f3-b5b4-42b6-86d3-09ddb6e64f83,£7.35,Expired,pricing: Pricing is higher than the option i ended up with.,,
e0a0633c-6dae-4840-acc6-d0d491a437b2,£3.15,Expired,,,
8e24415e-0e99-4312-89df-1a549ac60892,£3.25,Expired,,,
8e24e2a6-d8b2-447f-9490-378035b7477e,£7.15,Expired,,,
cf681319-06b4-43d8-b68b-fdd27a5e4a82,£1.95,Available,,Yes,Yes
355a49d3-00a9-4db0-ba57-e7c848b60dc6,£1.10,Available,,,
ecffa75d-8be3-4574-bb19-dec66fe8d758,£1.78,Expired,,Yes,
5c065d56-2463-4885-bdf0-9060ddc8af30,£26.00,Expired,,,
86bf4f69-f7a7-4835-95e8-b796a64d7273,£7.11,Available,,,
4754675a-455e-48bc-8e78-9a6ce7731e6e,£100.99,Expired,,Yes,
c1bd88b5-6b72-4dd9-9943-f69649805cd4,£91.52,Expired,,Yes,
634f75c2-3121-4bd3-bc8e-ec85ce755034,£18.09,Expired,,,
634f75c2-3121-4bd3-bc8e-ec85ce755034,£11.73,Expired,,,
4f358d38-39d9-4d90-a67e-db8b798ef162,£2.26,Expired,other: must be 100% no added ingredients. Thank you for quoting,,Yes
b607c568-5bcf-4c0e-add8-d4b33558c716,£4.88,Ordered,,,Yes
4f358d38-39d9-4d90-a67e-db8b798ef162,£2.20,Ordered,,,
4f358d38-39d9-4d90-a67e-db8b798ef162,£1.78,Expired,,Yes,
4f358d38-39d9-4d90-a67e-db8b798ef162,£1.53,Expired,,Yes,
1abdb362-d404-4715-9d94-6bcb898847e1,£7.50,Ordered,,,
b49bfaea-f0e6-415e-a255-3be5f5720ce1,£6.60,Ordered,,,
f2f0582a-3499-46e7-9a78-9a176343ae84,£6.15,Ordered,,,
b607c568-5bcf-4c0e-add8-d4b33558c716,£9.46,Expired,,,
9c1dadc4-a31f-4b2e-9210-055463a8dade,£2.26,Available,,Yes,
9c1dadc4-a31f-4b2e-9210-055463a8dade,£2.05,Available,,Yes,
9c1dadc4-a31f-4b2e-9210-055463a8dade,£2.45,Available,,Yes,
9c1dadc4-a31f-4b2e-9210-055463a8dade,£2.00,Available,,Yes,
8e24e2a6-d8b2-447f-9490-378035b7477e,£5.50,Expired,,Yes,Yes
949f8ecf-d8e8-4122-9558-cbc6a8847aba,£4.90,Expired,pricing,Yes,Yes
8e24e2a6-d8b2-447f-9490-378035b7477e,£9.40,Expired,,Yes,Yes
948a71e4-5ecf-4d98-bed5-2841ae1a9124,£3.32,Available,,Yes,
8342c9fa-1c8f-4e05-bf75-b3303c3910ac,£2.47,Available,,Yes,
49a62576-4031-4248-9429-acecfee9e963,£4.71,Available,,Yes,
b1869a6b-dcd4-4769-b34f-73e56cf4c8c5,£2.71,Available,,Yes,
8b03b8f3-b5b4-42b6-86d3-09ddb6e64f83,£5.79,Expired,,,
8e24415e-0e99-4312-89df-1a549ac60892,£4.00,Ordered,,Yes,Yes
e0a0633c-6dae-4840-acc6-d0d491a437b2,£1.60,Expired,,Yes,Yes
8e24e2a6-d8b2-447f-9490-378035b7477e,£5.00,Ordered,,,
8e24415e-0e99-4312-89df-1a549ac60892,£4.20,Expired,,,Yes
539fa824-0507-4809-ad55-72b69104d84e,£1.58,Ordered,,Yes,Yes
bf0b207d-3ff2-4a9f-ba21-a79936360a16,£0.35,Expired,,,Yes
bf0b207d-3ff2-4a9f-ba21-a79936360a16,£0.11,Ordered,,,Yes
561c7ed4-bc57-4b6b-89df-58c7ea2a03a4,£4.16,Ordered,,Yes,Yes
e0a0633c-6dae-4840-acc6-d0d491a437b2,£1.50,Expired,,Yes,
e0a0633c-6dae-4840-acc6-d0d491a437b2,£1.84,Expired,,Yes,
f98f3833-3363-469b-a575-dc66d6156826,£7.57,Available,,Yes,Yes
f98f3833-3363-469b-a575-dc66d6156826,£8.95,Declined,pricing: we have better deal currently,,Yes
c4cf044f-1b36-423e-b7a2-654fad7223a2,£45.00,Expired,,Yes,Yes
50ef47ee-1cb8-44bf-9444-2c057fdc72ca,£1.46,Expired,,Yes,
d22a6095-3445-498d-bfaa-c855f2a6f083,£1.94,Available,,Yes,Yes
739b0b10-d82d-4dd9-b1c0-8e81491bb749,£11.50,Available,,,
ad4e8c90-4e20-4f04-9925-5fa6414ca765,£9.73,Expired,,Yes,Yes
d70107e8-b285-4730-99d3-5de428ea6895,£25.07,Expired,,,Yes
402caae0-e1ea-453e-bf2f-a6a426827b20,£13.53,Expired,,,Yes
ec55e03e-42a7-486c-9291-b16b51b8134f,£28.80,Expired,,,Yes
6ad03418-7979-4bee-a565-cdd492518c34,£12.75,Expired,,,Yes
e6f032a7-d5af-4b81-8dc4-b91213eca9f3,£15.00,Ordered,,,Yes
ee3aed01-2963-49f6-8e1f-49d84748e50b,£22.00,Ordered,,,Yes
e3c25748-c18c-4d5a-ac50-95f6d2e52448,£0.09,Expired,,Yes,
db86c256-aa37-4449-8750-57c0b7928d22,£26.30,Ordered,,,Yes
9efb20f5-0cb9-462c-b696-52d1897681c1,£19.46,Expired,pricing,,Yes
719bf28d-9b8f-4f62-bab4-6a6dc0125770,£13.73,Expired,,,Yes
974536d6-fad7-4d69-805e-72eb287f1691,£33.00,Expired,pricing,Yes,Yes
2e3c7299-4212-42b7-8fbd-ac3d666c337c,£22.25,Expired,,Yes,Yes
402caae0-e1ea-453e-bf2f-a6a426827b20,£8.95,Expired,,Yes,Yes
4ec57884-d2bf-407f-802a-488763fae7d3,£14.95,Expired,,,
ad4e8c90-4e20-4f04-9925-5fa6414ca765,£5.20,Expired,,,Yes
8b03b8f3-b5b4-42b6-86d3-09ddb6e64f83,£5.65,Ordered,,,
719bf28d-9b8f-4f62-bab4-6a6dc0125770,£11.65,Expired,,,
ee3aed01-2963-49f6-8e1f-49d84748e50b,£35.95,Expired,pricing,,
e6f032a7-d5af-4b81-8dc4-b91213eca9f3,£17.00,Expired,pricing,,
083e1055-bf51-4104-96b5-2c116592d0ac,£15.50,Ordered,,,
d70107e8-b285-4730-99d3-5de428ea6895,£26.50,Expired,,Yes,Yes
ec55e03e-42a7-486c-9291-b16b51b8134f,£17.00,Expired,,Yes,Yes
ad4e8c90-4e20-4f04-9925-5fa6414ca765,£5.81,Expired,,,Yes
083e1055-bf51-4104-96b5-2c116592d0ac,£26.00,Expired,,,
9efb20f5-0cb9-462c-b696-52d1897681c1,£11.50,Expired,,,
50ef47ee-1cb8-44bf-9444-2c057fdc72ca,£1.60,Expired,,Yes,Yes
402caae0-e1ea-453e-bf2f-a6a426827b20,£8.60,Expired,,Yes,
6ad03418-7979-4bee-a565-cdd492518c34,£4.50,Expired,,Yes,
d70107e8-b285-4730-99d3-5de428ea6895,£19.50,Expired,,,
402caae0-e1ea-453e-bf2f-a6a426827b20,£10.75,Expired,,,
ad4e8c90-4e20-4f04-9925-5fa6414ca765,£3.93,Expired,,Yes,Yes
ec55e03e-42a7-486c-9291-b16b51b8134f,£31.00,Expired,,,
6ad03418-7979-4bee-a565-cdd492518c34,£5.96,Expired,,,
d70107e8-b285-4730-99d3-5de428ea6895,£27.20,Expired,,,
c4cf044f-1b36-423e-b7a2-654fad7223a2,£50.00,Expired,,Yes,
58014e34-3946-4d12-a7b4-471e95064d70,£48.00,Expired,,Yes,Yes
817f4b38-5aed-458e-9c4c-0d074c9cc7a6,£1.58,Available,,Yes,Yes
58014e34-3946-4d12-a7b4-471e95064d70,£6.50,Ordered,,,
80651b6e-b283-4706-9252-8b9a6d6a45e8,£0.94,Expired,pricing: I'm getting castor at sub 80p a kg,,Yes
80651b6e-b283-4706-9252-8b9a6d6a45e8,£0.97,Expired,pricing: We get icing sugar via a local distributor with a 25kg MOQ at a marginally higher price.,,Yes
36862df1-12d3-41ac-b41e-4ea18331d0ae,£85.21,Declined,pricing: We have found much better option,Yes,Yes
f98f3833-3363-469b-a575-dc66d6156826,£8.00,Expired,pricing: way too expnesive,Yes,
de9fea0e-d82f-4bb6-9953-7c4ea82b0b20,£8.00,Available,,Yes,Yes
a0d0d1f1-1bb2-4204-8255-a82b18129677,£10.00,Available,,Yes,Yes
355a49d3-00a9-4db0-ba57-e7c848b60dc6,£1.37,Expired,,Yes,Yes
64466127-7cdc-4894-b573-72281e386122,£5.85,Ordered,,,
8fc8957d-4435-449b-a769-56a36061330c,£17.95,Available,,Yes,
7c9a1581-8ba2-4ddf-8f90-76a2bf833048,£17.95,Available,,Yes,
38fd426c-3851-40ca-aca9-6e55a1c2be56,£32.60,Expired,pricing,Yes,
af7365ca-d7db-4e2d-aada-8e4a456177d8,£1.95,Ordered,,Yes,Yes
797b4732-83a5-4b83-a954-e039fd29b7eb,£1.35,Ordered,,Yes,Yes
f98f3833-3363-469b-a575-dc66d6156826,£9.24,Declined,pricing: it's too expensive,Yes,Yes
84f79c03-3cfc-4588-b5c8-f920b1399311,£6.26,Available,,Yes,
10f36d9e-3551-4968-afe6-2c88271d31e7,£7.63,Available,,Yes,
c817009c-66de-4ae0-85a1-9957327ea71d,£7.36,Available,,Yes,
6ab1b280-11f8-41da-b85a-c2381a5a944e,£8.42,Expired,,Yes,
de9fea0e-d82f-4bb6-9953-7c4ea82b0b20,£3.58,Available,,Yes,
08b10157-5e50-4bf8-a641-c4f90ace60cf,£4.75,Ordered,,,Yes
08b10157-5e50-4bf8-a641-c4f90ace60cf,£5.97,Expired,pricing: Same product available via another distributor cheaper.,,Yes
59bc7a13-e8a5-4041-958f-87bb5ade24e0,£1.68,Declined,specification_not_met,Yes,Yes
10f36d9e-3551-4968-afe6-2c88271d31e7,£13.83,Available,,Yes,
59bc7a13-e8a5-4041-958f-87bb5ade24e0,£1.68,Available,,Yes,
afd6f2c2-7d47-4ea2-885f-a1e35ccf2267,£2.29,Expired,,Yes,Yes
08b10157-5e50-4bf8-a641-c4f90ace60cf,£4.16,Available,,Yes,Yes
a0713343-8638-4b6b-a5ba-bcc2bf5ecd89,£1.40,Expired,,Yes,Yes
08b216c4-018f-4d86-a7ed-7b90541efed8,£6.00,Expired,,Yes,Yes
ccbedbf7-def1-4e55-a97f-8535ab796960,£0.99,Expired,,Yes,Yes
a0713343-8638-4b6b-a5ba-bcc2bf5ecd89,£0.99,Expired,,Yes,Yes
6eb74f65-61e1-4bb8-8641-dc1889f0ed4b,£1.31,Expired,,Yes,Yes
b2340ce9-ecbd-4cb1-aac8-12b5f995b6ca,£1.68,Expired,,Yes,Yes
49e8c612-30db-49f2-a23b-b14e0e4a9054,£19.95,Available,,Yes,Yes
84f79c03-3cfc-4588-b5c8-f920b1399311,£8.15,Available,,,
a0d0d1f1-1bb2-4204-8255-a82b18129677,£5.15,Available,,,
08b216c4-018f-4d86-a7ed-7b90541efed8,£5.25,Expired,,,
46bbd00f-e573-4209-9877-38e1eff980d1,£16.50,Expired,,Yes,Yes
b1869a6b-dcd4-4769-b34f-73e56cf4c8c5,£2.46,Available,,Yes,Yes
49a62576-4031-4248-9429-acecfee9e963,£5.62,Available,,Yes,Yes
49a62576-4031-4248-9429-acecfee9e963,£5.40,Available,,Yes,Yes
8342c9fa-1c8f-4e05-bf75-b3303c3910ac,£2.46,Available,,Yes,Yes
a0713343-8638-4b6b-a5ba-bcc2bf5ecd89,£1.21,Expired,,Yes,Yes
c2cca233-872c-499a-b801-2d388ec6fe61,£2.35,Expired,,,
43d59c22-d2d1-4295-8a9e-b3f78c34cdf5,£3.75,Expired,,Yes,
08b216c4-018f-4d86-a7ed-7b90541efed8,£4.45,Expired,,Yes,
afd6f2c2-7d47-4ea2-885f-a1e35ccf2267,£2.55,Expired,,,
ccbedbf7-def1-4e55-a97f-8535ab796960,£1.45,Available,,Yes,Yes
50bc5b6c-537e-4db9-aa86-c94c85a639fb,£1.80,Available,,Yes,Yes
afd6f2c2-7d47-4ea2-885f-a1e35ccf2267,£2.55,Expired,,,
43d59c22-d2d1-4295-8a9e-b3f78c34cdf5,£5.85,Expired,,,
32e484e3-0df5-4530-9288-a1401a2bf777,£38.40,Proceeded,,Yes,Yes
5fd5ea2b-21d4-47f0-9edc-a3147ed0c544,£8.40,Declined,pricing: too expensive,Yes,Yes
c2cca233-872c-499a-b801-2d388ec6fe61,£1.35,Expired,,Yes,Yes
69ab183c-efbc-44c3-a9df-ebd758f14137,£2.37,Available,,Yes,Yes
49a62576-4031-4248-9429-acecfee9e963,£3.78,Available,,Yes,Yes
8342c9fa-1c8f-4e05-bf75-b3303c3910ac,£2.83,Available,,Yes,Yes
c2cca233-872c-499a-b801-2d388ec6fe61,£1.47,Expired,,Yes,Yes
afd6f2c2-7d47-4ea2-885f-a1e35ccf2267,£2.20,Expired,,Yes,Yes
6ab1b280-11f8-41da-b85a-c2381a5a944e,£4.39,Available,,Yes,Yes
c817009c-66de-4ae0-85a1-9957327ea71d,£6.39,Available,,Yes,Yes
ccbedbf7-def1-4e55-a97f-8535ab796960,£1.25,Expired,,Yes,
c817009c-66de-4ae0-85a1-9957327ea71d,£8.10,Expired,,Yes,
6ab1b280-11f8-41da-b85a-c2381a5a944e,£6.55,Expired,,Yes,
de9fea0e-d82f-4bb6-9953-7c4ea82b0b20,£2.65,Expired,,Yes,
a0d0d1f1-1bb2-4204-8255-a82b18129677,£5.80,Expired,,Yes,
de9fea0e-d82f-4bb6-9953-7c4ea82b0b20,£2.50,Expired,,,
2ec4bab8-d774-4b74-a29a-3ce0db0250b3,£5.85,Available,,,
83c57620-4e26-4bad-a81b-1fc0ffcbcc01,£4.25,Expired,,,
ef4cafba-0e6f-4b54-b7d8-ea12fc4ac7cf,£3.77,Ordered,,Yes,Yes
2fe7180c-55d6-4d8c-8197-c4c610f1bf2c,£22.50,Expired,,,
38fd426c-3851-40ca-aca9-6e55a1c2be56,£36.80,Expired,,,
c5db9117-0cf1-474c-839e-52da40643238,£23.00,Expired,,Yes,
79bde329-0d8a-4f3d-b2b6-990262a6ec39,£1.65,Expired,,,
c817009c-66de-4ae0-85a1-9957327ea71d,£7.25,Expired,,,
04664cba-2db8-47a2-8b38-16cb2fcd294b,£1.36,Ordered,,Yes,Yes
38fd426c-3851-40ca-aca9-6e55a1c2be56,£44.00,Expired,,Yes,Yes
d35a6bce-2c71-4d78-b38d-46a278dc35ff,£53.50,Expired,,Yes,
8543382d-8886-4882-8488-3731f75f4ab3,£6.45,Expired,,Yes,
2e91f4a9-b4b8-4fdd-ab4b-da39d280c788,£38.00,Expired,,,
89478ffe-8386-4653-833d-917dbb18f9ef,£18.50,Expired,,,
d3bbc9ad-bd7e-4848-9b51-cae5a04b00ba,£5.80,Expired,,,
f66516fb-3381-4cf9-84d8-c2eef794666b,£12.50,Expired,,,
89478ffe-8386-4653-833d-917dbb18f9ef,£22.00,Expired,,,
3cb2d8e5-f31a-490b-bcca-f910aed29f16,£168.11,Expired,,Yes,Yes
939eae46-835d-40ff-8e5a-1a3ec7c25fee,£14.69,Expired,,Yes,Yes
d35a6bce-2c71-4d78-b38d-46a278dc35ff,£56.34,Expired,,Yes,Yes
8543382d-8886-4882-8488-3731f75f4ab3,£26.55,Expired,,Yes,Yes
2e91f4a9-b4b8-4fdd-ab4b-da39d280c788,£60.00,Expired,,Yes,Yes
d35a6bce-2c71-4d78-b38d-46a278dc35ff,£126.00,Expired,,,
d35a6bce-2c71-4d78-b38d-46a278dc35ff,£75.00,Expired,,,
d35a6bce-2c71-4d78-b38d-46a278dc35ff,£68.50,Expired,,,Yes
3be76df3-d44b-4513-af7c-50f436857831,£3.30,Expired,,Yes,Yes
712ae658-4cf3-486e-9236-1daf7bf8d913,£2.65,Ordered,,,Yes
3647b929-b97a-4471-82f5-b5edd61ee57d,£5.10,Expired,,Yes,
ed0aacd5-a3c6-4149-96f6-100a1280ad66,£0.98,Expired,,Yes,Yes
d641b75c-a427-4772-8924-91e3d3a3f19d,£6.10,Expired,,,Yes
3be76df3-d44b-4513-af7c-50f436857831,£3.83,Expired,,,Yes
6034176e-b73e-4990-82fc-fcae53bfda4b,£5.30,Expired,,,Yes
49e8c612-30db-49f2-a23b-b14e0e4a9054,£12.60,Expired,,,Yes
f66516fb-3381-4cf9-84d8-c2eef794666b,£12.20,Expired,,,Yes
d3bbc9ad-bd7e-4848-9b51-cae5a04b00ba,£5.40,Expired,,,Yes
3be76df3-d44b-4513-af7c-50f436857831,£3.80,Expired,pricing,,
6e3bd450-c9f9-427c-89d1-fc70449d37de,£875.00,Expired,,Yes,
f66516fb-3381-4cf9-84d8-c2eef794666b,£10.44,Expired,,Yes,Yes
6034176e-b73e-4990-82fc-fcae53bfda4b,£3.91,Expired,,Yes,Yes
49e8c612-30db-49f2-a23b-b14e0e4a9054,£10.39,Expired,,Yes,Yes
6034176e-b73e-4990-82fc-fcae53bfda4b,£5.25,Expired,pricing: pricing and no sampled available,,
d641b75c-a427-4772-8924-91e3d3a3f19d,£6.27,Expired,pricing,Yes,Yes
50bc5b6c-537e-4db9-aa86-c94c85a639fb,£3.00,Expired,pricing,,
3be76df3-d44b-4513-af7c-50f436857831,£4.00,Expired,pricing,,
49e8c612-30db-49f2-a23b-b14e0e4a9054,£9.50,Expired,,Yes,Yes
49e8c612-30db-49f2-a23b-b14e0e4a9054,£14.11,Expired,,Yes,Yes
67806b93-f10f-41f3-9a34-56e679fd9a82,£7.70,Expired,,Yes,Yes
3be76df3-d44b-4513-af7c-50f436857831,£3.76,Expired,,Yes,Yes
d641b75c-a427-4772-8924-91e3d3a3f19d,£142.24,Expired,pricing,Yes,Yes
e42b279a-5d64-43f2-ba97-e8c47957da70,£1.44,Expired,,,
ed0aacd5-a3c6-4149-96f6-100a1280ad66,£0.93,Ordered,,Yes,Yes
ed0aacd5-a3c6-4149-96f6-100a1280ad66,£0.95,Expired,,Yes,Yes
64b16410-bf7d-46ec-b95d-fe180f1889e4,£4.16,Ordered,,Yes,Yes
f55e5323-b30d-4000-ad79-cc0f7626bed9,£3.42,Expired,,Yes,
f55e5323-b30d-4000-ad79-cc0f7626bed9,£1.31,Expired,,Yes,Yes
8fc8957d-4435-449b-a769-56a36061330c,£6.95,Expired,,Yes,Yes
7c9a1581-8ba2-4ddf-8f90-76a2bf833048,£6.95,Expired,,Yes,
7c9a1581-8ba2-4ddf-8f90-76a2bf833048,£6.95,Expired,,Yes,Yes
7c9a1581-8ba2-4ddf-8f90-76a2bf833048,£8.50,Expired,,Yes,Yes
6e3bd450-c9f9-427c-89d1-fc70449d37de,£821.00,Expired,,Yes,Yes
6e3bd450-c9f9-427c-89d1-fc70449d37de,"£1,230.00",Expired,,Yes,
6e3bd450-c9f9-427c-89d1-fc70449d37de,£780.00,Expired,,Yes,Yes
dc838735-4b30-4333-ba29-f10196deb235,£0.78,Expired,,Yes,Yes
40584236-a798-49da-9161-7ad2840710b6,£2.06,Expired,,Yes,
8fc8957d-4435-449b-a769-56a36061330c,£8.15,Expired,,Yes,
41adf72c-6000-4f8e-ab5d-5f14f08a3a65,£6.14,Ordered,,Yes,Yes
bcb8c5ab-900c-416a-8fbb-068d06abf307,£3.70,Expired,,Yes,Yes
966a15db-8148-4e55-ba0f-fea91e79da66,£395.00,Expired,,Yes,Yes
966a15db-8148-4e55-ba0f-fea91e79da66,£36.00,Expired,pricing: Ridiculous price,Yes,Yes
966a15db-8148-4e55-ba0f-fea91e79da66,£16.25,Expired,pricing,Yes,
906ac17f-83b2-4e4c-8467-45cb8e8994fd,£5.04,Ordered,,Yes,Yes
0a8e05f2-ae2d-410a-9017-57ce2795726f,£3.70,Expired,,Yes,Yes
e3661a9a-f819-4491-8cb1-71bc6ab403fd,£2.19,Expired,,Yes,
e019d55c-60ef-46fd-9807-d308b4f0b743,£49.09,Expired,,Yes,Yes
ddd0225d-7110-46d5-83af-2d98c1084e7e,£0.58,Expired,,Yes,
c5bae2e0-d1a1-4bfd-8235-8484bbea9e97,£8.79,Expired,,Yes,Yes
08fc77a8-b8f0-4050-ac19-d1b92166c09a,£77.00,Expired,,,Yes
08fc77a8-b8f0-4050-ac19-d1b92166c09a,£75.00,Expired,,Yes,Yes
08fc77a8-b8f0-4050-ac19-d1b92166c09a,£66.00,Expired,,Yes,Yes
08fc77a8-b8f0-4050-ac19-d1b92166c09a,£66.53,Expired,,,Yes
7cb8ce39-b102-4bcc-be2e-f39aec3c0dcd,£13.66,Expired,,,Yes
7cb8ce39-b102-4bcc-be2e-f39aec3c0dcd,£9.00,Expired,"pricing,incorrect_quantities: Again only need 10kg and so too expensive.",Yes,Yes
7cb8ce39-b102-4bcc-be2e-f39aec3c0dcd,£17.00,Expired,pricing: Almost triple what I've been quoted by others.,,
7cb8ce39-b102-4bcc-be2e-f39aec3c0dcd,£141.63,Expired,pricing: I can find it at half this price with a simple online search.,,Yes
7cb8ce39-b102-4bcc-be2e-f39aec3c0dcd,£4.41,Expired,incorrect_quantities: I only need 10kg not 100kg,Yes,Yes
ee249f2b-7415-42b9-a4e7-84653e597209,£10.27,Expired,,,Yes
e312ccc0-2c00-493a-9f9b-bfd1ab7e5f73,£110.00,Expired,,,Yes
5e2c9a05-cc90-4323-8f9f-4e7ec45f0874,£2.50,Expired,,,
e312ccc0-2c00-493a-9f9b-bfd1ab7e5f73,£130.00,Expired,,Yes,Yes
96d42297-df82-4734-b33e-96efccd41c1b,£4.60,Expired,,,Yes
6f39a515-609d-4a45-a77a-9e233cffb2aa,£3.20,Expired,,,Yes
e312ccc0-2c00-493a-9f9b-bfd1ab7e5f73,£349.95,Expired,pricing,,Yes
9c82912c-da94-4693-875e-ed271496f1ed,£3.82,Ordered,,,Yes
7c669dc9-340f-4d05-be1b-c2fa41786647,£26.79,Expired,other: Same spec as what we are ordering today so no need to have a sample. Thanks,,Yes
bebbe1eb-078d-45b7-88a4-13dcb8a7792a,£36.95,Expired,,,
49227f09-ce4d-4baf-b8d7-9473b53e239d,£7.19,Expired,pricing: Over double what we pay now.,Yes,
bebbe1eb-078d-45b7-88a4-13dcb8a7792a,£289.00,Expired,pricing,Yes,Yes
02cf6d34-6274-473f-9b8f-a5455d6d4500,£22.00,Ordered,,,Yes
b45ccf1c-4e50-4dfc-8741-e74405d5f0d0,£20.35,Ordered,,,Yes
41f5df36-a8ba-475f-bcc5-16e105b3cc11,£20.35,Ordered,,,Yes
07106bdb-2bb5-4269-bdaa-2faca9dfaa61,£21.45,Ordered,,,Yes
1d509afa-c722-4064-8910-bf55ef08d5f0,£25.30,Ordered,,,Yes
07106bdb-2bb5-4269-bdaa-2faca9dfaa61,£39.00,Expired,,,
1d509afa-c722-4064-8910-bf55ef08d5f0,£23.00,Expired,,,
17d4c823-d165-4075-9d76-34f7dbd14b2b,£11.90,Expired,,,Yes
8156094a-a4f0-4557-856e-e9abd43ae6a5,£18.70,Ordered,,Yes,Yes
e144be5f-6fb9-4d9e-bb7c-6466d75d55e9,£20.90,Ordered,,Yes,Yes
8c32eba1-c10a-4895-b759-66043992432c,£13.20,Ordered,,Yes,Yes
151e9c99-6a7f-42ae-b4e9-3c15599f918e,£17.05,Ordered,,Yes,Yes
b9d3e165-a635-42de-8199-15a84f9b05d8,£25.30,Expired,,Yes,Yes
6babfaee-7c59-4ff1-8bb5-f4473ec837f0,£11.00,Ordered,,,
8c32eba1-c10a-4895-b759-66043992432c,£19.00,Expired,,,
b9d3e165-a635-42de-8199-15a84f9b05d8,£22.62,Expired,,Yes,Yes
e144be5f-6fb9-4d9e-bb7c-6466d75d55e9,£27.50,Expired,,,
4ab4526f-2e43-4936-9c97-a3def237356b,£24.00,Ordered,,,
17d4c823-d165-4075-9d76-34f7dbd14b2b,£14.00,Ordered,,,
b9d3e165-a635-42de-8199-15a84f9b05d8,£40.00,Expired,,,
17d4c823-d165-4075-9d76-34f7dbd14b2b,£151.99,Expired,,,Yes
17d4c823-d165-4075-9d76-34f7dbd14b2b,£20.00,Expired,,,
6babfaee-7c59-4ff1-8bb5-f4473ec837f0,£19.98,Expired,,,Yes
a3a2976a-c60f-4630-a202-4892ecf74b40,£2.98,Expired,,,Yes
a3a2976a-c60f-4630-a202-4892ecf74b40,£2.80,Expired,,,Yes
1614c7f6-64cf-4691-b11b-449c68633f52,"£4,399.95",Expired,,,Yes
6a833e2e-8419-41b0-846d-e7bf107f12f4,£1.75,Expired,,Yes,
3ad14126-782c-41f6-8f07-6d4751691994,£10.63,Expired,,Yes,
3dfdf450-b651-4dba-b424-75ba6db13e52,£2.50,Expired,,Yes,Yes
e22f9d6e-adb3-439a-846b-12bb60ba5bd2,£24.43,Expired,,Yes,Yes
5f5443c2-7421-4fa2-9f63-8eb484f91b09,£4.84,Expired,,Yes,Yes
7272a5aa-c633-4488-9a87-e1b151562739,£3.08,Expired,,Yes,Yes
5f5443c2-7421-4fa2-9f63-8eb484f91b09,£5.30,Expired,,Yes,Yes
5f5443c2-7421-4fa2-9f63-8eb484f91b09,£8.00,Expired,,Yes,
5f5443c2-7421-4fa2-9f63-8eb484f91b09,£5.45,Expired,,Yes,Yes
e9507302-5a31-4899-a434-4c9f16428e55,£6.35,Expired,,Yes,Yes
e9507302-5a31-4899-a434-4c9f16428e55,£0.02,Expired,,,
cb04a62f-6b51-4859-9f4a-559774a3b5c7,£10.24,Expired,,Yes,
31cd59e5-97fb-4bb4-aa00-444c56dfd452,£15.00,Expired,,,
cb04a62f-6b51-4859-9f4a-559774a3b5c7,£1.23,Expired,,,Yes
41db3127-d13c-421a-b6a9-a33dc1333108,£3.16,Expired,,,
f426764f-8c18-4cac-bb96-4decdf21c678,£0.85,Expired,,,Yes
957b9aeb-1107-4fcc-8b34-aff02b4bf9a7,£7.50,Expired,,,Yes
756012da-92d2-4b53-9ac5-801bd1a18025,£0.78,Expired,,,Yes
b343e7bb-8d0b-456e-b904-671ef9b35e08,£0.78,Expired,,,
b343e7bb-8d0b-456e-b904-671ef9b35e08,£0.85,Expired,,,
756012da-92d2-4b53-9ac5-801bd1a18025,£0.80,Expired,,,
957b9aeb-1107-4fcc-8b34-aff02b4bf9a7,£8.76,Expired,,,Yes
974008dd-7c62-4e8a-866f-d49961300948,£1.35,Expired,,,Yes
f426764f-8c18-4cac-bb96-4decdf21c678,£0.85,Expired,,,
f426764f-8c18-4cac-bb96-4decdf21c678,£0.80,Expired,,,
f426764f-8c18-4cac-bb96-4decdf21c678,£0.78,Expired,,,Yes
f426764f-8c18-4cac-bb96-4decdf21c678,£1.54,Expired,,,Yes
47331a6a-d647-4466-b141-93748cdada4e,£9.95,Expired,,,Yes